lat,lon
25.696395,-80.297496
25.699544,-80.297055
25.698612,-80.292015
25.939942,-80.341607
25.939221,-80.349899
25.944992,-80.346589
27.938951,-82.492018
27.944691,-82.48961
28.355484,-81.55574
28.350659,-81.566172
28.359252,-81.555855
28.356997,-81.562355
28.355205,-81.569047
28.358443,-81.561472
28.360869,-81.568145
28.361856,-81.562271
28.36085,-81.569106
28.357053,-81.557258
28.361094,-81.554015
28.362079,-81.560288
28.358308,-81.569531
28.365122,-81.538731
28.363816,-81.569289
28.366269,-81.547816
28.366125,-81.54293
28.368924,-81.53689
28.36974,-81.549756
28.369936,-81.545257
28.369995,-81.534516
28.367864,-81.561979
28.373008,-81.546441
28.372417,-81.543484
28.368742,-81.559476
28.365742,-81.552825
28.374055,-81.550881
28.365803,-81.552549
28.366395,-81.564633
28.376095,-81.553134
28.389307,-81.49552
28.38623,-81.497092
28.540215,-81.374352
28.543629,-81.379891
28.544413,-81.375581
28.661909,-81.231039
29.517494,-95.160932
29.520756,-95.158365
29.561706,-95.56563
29.675001,-95.247783
29.678037,-95.253128
29.684152,-95.2556
29.718154,-95.47157
29.719878,-95.393287
29.716811,-95.4643
29.726535,-95.387851
29.747605,-95.570569
29.751638,-95.566159
29.753381,-95.571375
29.755539,-95.573722
30.51558,-96.358861
31.779278,-106.254404
31.784434,-106.256676
31.780689,-106.250375
32.279572,-106.736084
32.273901,-106.732717
32.523069,-92.067286
32.704247,-117.162538
32.705033,-117.150329
32.715576,-117.158919
32.712921,-117.159517
32.719173,-117.158998
32.721349,-117.15558
32.713623,-117.157826
32.722682,-117.157858
32.722331,-117.159167
32.735301,-117.215517
32.854009,-117.211213
32.85544,-117.199777
32.864553,-117.228194
32.863603,-117.208393
32.861361,-117.228624
32.874184,-117.202706
32.873825,-117.197788
32.874262,-117.203742
32.871604,-117.205467
32.872301,-117.215758
32.895406,-96.969476
32.889656,-96.958301
32.890383,-96.973642
32.897732,-96.967001
32.891681,-96.966945
32.94357,-117.102205
32.937963,-117.100172
32.936834,-117.09963
32.936895,-117.159435
32.938558,-117.160137
32.942733,-117.162159
32.971591,-117.072453
32.969948,-117.069187
32.972788,-117.073471
32.973235,-117.074786
32.992595,-117.219321
33.016023,-117.08096
33.014312,-117.0805
33.018353,-117.081139
33.009376,-117.080378
33.011615,-117.085941
33.009583,-117.086493
33.012212,-117.080632
33.013638,-117.089095
33.013136,-117.089631
33.013577,-117.083507
33.015023,-117.087641
33.012012,-117.08558
33.018768,-117.085317
33.018968,-117.082502
33.011277,-117.085708
33.013795,-117.086671
33.010342,-117.085241
33.01313,-117.089924
33.01469,-117.087905
33.018645,-117.085817
33.010789,-117.08195
33.014575,-117.089185
33.015547,-117.080507
33.016275,-117.084635
33.013946,-117.081894
33.072916,-96.836676
33.081119,-96.828134
33.186082,-96.885249
33.193237,-96.875836
33.185447,-96.87832
33.21254,-117.244077
33.211667,-117.247869
33.213247,-117.247334
33.426198,-112.248299
33.421426,-112.24594
33.452337,-111.713282
33.443548,-111.713293
33.696927,-117.144314
33.69338,-117.147318
33.777823,-118.16261
33.785252,-118.16669
33.777541,-118.164993
33.970376,-118.231387
33.971234,-118.229811
33.972534,-118.234802
33.970282,-118.228241
33.971341,-118.234818
33.979202,-84.433399
33.988387,-117.884763
33.989809,-117.889228
33.991786,-118.207712
33.999529,-118.178135
33.99832,-118.18342
34.011501,-118.491352
34.010326,-118.493946
34.013402,-118.494814
34.013574,-118.494387
34.009129,-118.499389
34.0134,-118.492932
34.01854,-117.683615
34.013936,-117.690809
34.011256,-118.489487
34.022312,-117.694262
34.030209,-117.690163
34.029701,-117.695764
34.030154,-117.691825
34.032631,-117.694697
34.030912,-117.691901
34.031936,-117.685724
34.040465,-118.059454
34.097736,-118.312636
34.10439,-118.089295
34.104129,-118.093006
34.104465,-118.093234
34.103966,-118.090593
35.101322,-80.786058
35.102317,-80.787906
35.948558,-115.363548
36.033267,-115.046367
36.028537,-115.040968
36.061179,-95.817981
36.096576,-115.170609
36.099243,-115.170735
36.101417,-115.167731
36.101099,-115.167165
36.101769,-115.172056
36.104379,-115.171372
36.098767,-115.16751
36.1052,-115.170399
36.10985,-115.159082
36.115693,-115.171395
36.109789,-115.162944
36.115287,-115.166387
36.124028,-115.155751
36.125133,-115.158165
36.123266,-115.151393
36.119311,-115.154707
36.123148,-115.158687
36.124853,-115.152263
36.129164,-115.157998
36.129484,-115.150482
36.123456,-115.150253
36.129406,-115.159717
36.130528,-115.156611
36.130486,-115.146335
36.126558,-115.152478
36.131201,-115.149842
36.125435,-115.159404
36.130297,-115.154626
36.130964,-115.14707
36.1264,-115.151725
36.131429,-115.14443
36.124801,-115.154451
36.127239,-115.155237
36.12547,-115.157692
36.130719,-115.14948
36.128679,-115.157221
36.125566,-115.153399
36.13216,-115.154116
36.127353,-115.149107
36.122903,-115.155853
36.123692,-115.148998
36.123962,-115.156109
36.131002,-115.156036
36.132645,-115.154061
36.126315,-115.151478
36.129719,-115.151093
36.131153,-115.157882
36.132055,-115.150138
36.130973,-115.148697
36.124118,-115.157919
36.125117,-115.149233
36.125704,-115.150148
36.131715,-115.150181
36.126927,-115.157591
36.130868,-115.150266
36.131904,-115.151389
36.129969,-115.155113
36.12987,-115.150453
36.131142,-115.151134
36.126316,-115.154083
36.129621,-115.150639
36.13778,-115.152931
36.129915,-115.152355
36.137003,-115.156853
36.133408,-115.156699
36.134951,-95.925234
36.139964,-95.917751
36.19642,-115.422192
36.196677,-115.424601
36.553918,-85.998058
36.851615,-119.793889
36.851341,-119.787965
36.848776,-119.793503
36.844951,-119.793179
36.852456,-119.783445
36.852684,-119.785958
37.320295,-122.027606
37.324074,-121.946437
37.324136,-121.940834
37.335609,-121.882062
37.336149,-121.885982
37.336309,-121.889738
37.35489,-121.975449
37.360086,-121.974668
37.35814,-121.97854
37.36344,-121.979249
37.373217,-121.967843
37.372864,-121.955422
37.370006,-121.965177
37.372607,-121.965341
37.369773,-122.045562
37.370265,-122.056954
37.380067,-122.057054
37.375212,-122.034846
37.37959,-122.055327
37.417992,-122.153205
37.421253,-122.144914
37.416046,-122.14032
37.414341,-122.140944
37.415993,-122.142757
37.422633,-122.138916
37.426872,-122.14812
37.420677,-122.145198
37.421278,-122.17375
37.428124,-122.139828
37.427357,-122.141663
37.428805,-122.142473
37.431739,-122.172871
37.424544,-122.176194
37.427478,-122.176148
37.444049,-122.170763
37.448294,-122.160492
37.447656,-122.158178
37.694777,-97.246496
37.699104,-97.2462
37.753868,-122.38899
37.759883,-122.39021
37.759141,-122.390928
37.763568,-122.396143
37.768345,-122.393443
37.765508,-122.393447
37.770775,-122.428441
37.774461,-122.423524
37.776126,-122.424257
37.77049,-122.42546
37.784491,-122.410786
37.779247,-122.41434
37.779741,-122.411632
37.779445,-122.411709
37.7805,-122.410312
37.782399,-122.412191
37.788313,-122.406296
37.788292,-122.415127
37.785161,-122.41666
37.787122,-122.415066
37.782738,-122.41668
37.786194,-122.408294
37.789203,-122.413971
37.785613,-122.414543
37.787008,-122.412755
37.794317,-122.417192
37.790373,-122.406003
37.792011,-122.408011
37.799481,-122.415868
37.792979,-122.411318
37.798975,-122.404271
37.801339,-122.408885
37.797291,-122.417637
37.795511,-122.412434
37.800778,-122.40334
37.803962,-122.406335
37.800674,-122.416559
37.804372,-122.409506
37.806289,-122.414061
37.798852,-122.41518
37.804677,-122.410189
37.806216,-122.417511
37.80614,-122.403645
37.809807,-122.404763
37.863974,-122.265426
37.865731,-122.259268
37.861703,-122.258119
37.905848,-122.517354
37.905591,-122.524745
37.902733,-122.526829
37.936327,-122.101079
37.935287,-122.10666
38.902854,-77.054444
38.90572,-77.042746
38.903685,-77.041574
38.903245,-77.043807
38.909957,-77.045839
38.906149,-77.047863
38.905887,-77.045205
38.911566,-77.04794
38.932628,-76.86708
38.934963,-76.868922
38.992552,-76.937495
39.37487,-104.905939
39.730845,-86.311876
39.731567,-86.305276
39.728934,-86.306036
39.947174,-75.156004
39.952696,-75.158495
39.950834,-75.159339
39.954206,-75.15888
39.952983,-75.158119
39.953449,-75.174523
39.950756,-75.172208
39.95225,-75.17133
39.954706,-75.169898
39.956072,-75.177637
39.950645,-75.176121
39.960401,-75.176066
39.955856,-75.172952
39.963285,-75.182599
39.959104,-75.177806
40.465326,-79.886955
40.575664,-73.966602
40.579157,-73.965907
40.577665,-74.167864
40.580928,-74.162086
40.581858,-111.860166
40.578565,-111.86395
40.633302,-74.010255
40.632628,-74.015783
40.632254,-74.01197
40.637414,-74.010883
40.632231,-74.00767
40.636574,-74.014706
40.63553,-74.005145
40.636187,-74.011259
40.638763,-74.011167
40.634678,-74.005719
40.642407,-74.014146
40.633615,-74.008616
40.634953,-74.004493
40.63561,-74.007296
40.642184,-74.013132
40.634218,-74.010532
40.634993,-74.004936
40.641804,-74.008746
40.634189,-74.010097
40.637474,-74.007848
40.642335,-74.010287
40.638227,-74.004709
40.635733,-74.00138
40.640978,-74.010015
40.657042,-73.916681
40.653994,-73.918672
40.653254,-73.921043
40.65222,-73.918157
40.659459,-73.91328
40.653425,-73.913965
40.666218,-73.919937
40.664406,-73.933892
40.66318,-73.888975
40.668962,-73.93197
40.669749,-73.892001
40.673543,-88.020971
40.670783,-73.995866
40.679335,-73.997282
40.700635,-73.799697
40.706266,-73.801264
40.702806,-73.684089
40.712606,-73.989882
40.71162,-74.009835
40.712278,-74.007138
40.716955,-73.993423
40.713905,-73.992298
40.716434,-74.011616
40.711597,-74.00995
40.720542,-73.987248
40.717009,-74.010227
40.71807,-73.984364
40.717719,-73.986415
40.717122,-73.993595
40.720252,-73.985293
40.725353,-74.008285
40.724775,-74.006489
40.724271,-74.002284
40.732062,-74.006237
40.731682,-74.000249
40.741128,-74.008601
40.73842,-74.002092
40.739581,-74.002255
40.740942,-73.99984
40.743551,-74.001725
40.73809,-74.00384
40.737387,-74.001304
40.737796,-74.004403
40.737271,-73.923256
40.739805,-73.91823
40.740407,-74.009511
40.742613,-73.992028
40.747509,-73.921593
40.746888,-74.00116
40.744421,-73.996406
40.751313,-73.970332
40.746356,-73.99772
40.744113,-73.976489
40.745196,-73.980298
40.744555,-73.990089
40.751379,-73.983049
40.752567,-73.992484
40.750015,-73.967615
40.749759,-73.96646
40.756973,-73.971002
40.754016,-73.977163
40.757135,-73.984807
40.759948,-73.997745
40.755399,-73.972342
40.758236,-73.99279
40.756933,-73.992016
40.753336,-73.9653
40.755072,-73.983606
40.754303,-73.976181
40.752975,-73.994085
40.752542,-73.971863
40.760907,-73.990493
40.754283,-73.982652
40.761526,-73.972327
40.76024,-73.987574
40.754608,-73.987881
40.752973,-73.99147
40.756405,-73.979563
40.759148,-73.984902
40.757726,-73.986347
40.757367,-73.98411
40.759921,-73.974965
40.754259,-73.981363
40.755528,-73.986208
40.75931,-73.988735
40.758609,-73.989615
40.758265,-73.977644
40.758909,-73.969816
40.760917,-73.982961
40.764778,-73.97373
40.756109,-73.984187
40.758287,-73.986801
40.765105,-73.979711
40.759307,-73.977845
40.762999,-73.9834
40.75865,-73.980987
40.763228,-73.993087
40.760518,-73.98884
40.76006,-73.965972
40.757884,-73.968645
40.762969,-73.962917
40.762798,-73.970928
40.765338,-73.990412
40.75876,-73.976478
40.760815,-73.985643
40.763607,-73.986087
40.765067,-73.987895
40.765033,-73.983886
40.775132,-73.986028
40.771307,-73.870719
40.775345,-73.876937
40.778838,-73.875338
40.784335,-73.951319
40.783977,-73.949267
40.84964,-73.910632
40.905989,-74.98594
40.901982,-74.980599
41.027549,-75.352656
41.127831,-73.790384
41.475601,-73.957268
41.498585,-73.975362
41.875591,-87.638051
41.877181,-87.635798
41.879057,-87.636073
41.878405,-87.64008
41.88286,-87.643656
41.877933,-87.631176
41.883058,-87.633827
41.877502,-87.637055
41.880099,-87.63027
41.882279,-87.684015
41.876053,-87.685527
41.876282,-87.678243
41.877555,-87.64074
41.879409,-87.633638
41.885444,-87.629019
41.881594,-87.641937
41.884512,-87.642054
41.885745,-87.642795
41.882015,-87.635572
41.886845,-87.636967
41.884011,-87.643586
41.882644,-87.644133
41.880743,-87.63125
41.881621,-87.641608
41.884949,-87.648806
41.883051,-87.640943
41.877851,-87.626368
41.883553,-87.634671
41.880226,-87.639932
41.884593,-87.641367
41.880024,-87.634669
41.881468,-87.629633
41.880803,-87.628932
41.885098,-87.637498
41.882016,-87.625099
41.884392,-87.639692
41.881866,-87.643628
41.887453,-87.624291
41.887904,-87.629752
41.885527,-87.632414
41.885503,-87.632225
41.881773,-87.639336
41.880606,-87.63775
41.881073,-87.637093
41.887552,-87.638366
41.88495,-87.638928
41.887283,-87.628448
41.88298,-87.645658
41.882932,-87.621616
41.887799,-87.620759
41.885232,-87.624614
41.889276,-87.630466
41.889273,-87.626831
41.88789,-87.629618
41.888683,-87.635289
41.884742,-87.624408
41.88405,-87.629633
41.887143,-87.625767
41.889753,-87.626231
41.886116,-87.628083
41.885814,-87.622128
41.891841,-87.630889
41.891842,-87.627243
41.893971,-87.640715
41.885464,-87.635639
41.892997,-87.628889
41.888815,-87.628472
41.895578,-87.632364
41.887879,-87.629892
41.890106,-87.622732
41.891062,-87.627023
41.893082,-87.629015
41.890893,-87.61903
41.889118,-87.627435
41.896128,-87.624266
41.896654,-87.618721
41.896494,-87.627009
41.896005,-87.625818
41.928178,-87.878385
41.94774,-87.679797
41.951268,-87.678145
41.992251,-88.020433
41.991382,-88.021147
41.984345,-88.019679
42.012249,-87.684682
42.019426,-87.69169
42.012905,-87.685152
42.016112,-87.68848
42.153625,-73.1838
42.258388,-83.74112
42.253782,-83.735514
42.254723,-83.733538
42.294539,-83.508
42.294452,-83.514567
42.298172,-83.509562
42.301486,-71.081001
42.325668,-71.075512
42.326876,-71.073566
42.32897,-71.069944
42.346743,-71.064837
42.348013,-71.132898
42.348752,-71.081578
42.350303,-71.078286
42.343873,-71.075081
42.34873,-71.134045
42.345744,-71.073113
42.349728,-71.067569
42.347589,-71.069353
42.344495,-71.070812
42.345733,-71.076016
42.350565,-71.070811
42.352613,-71.059941
42.349146,-71.076654
42.351108,-71.076201
42.35036,-71.077262
42.354832,-71.072422
42.35397,-71.0758
42.35124,-71.067379
42.352633,-71.073547
42.353398,-71.076444
42.349173,-71.067814
42.350915,-71.074963
42.345687,-71.073717
42.353614,-71.070141
42.350287,-71.072116
42.351663,-71.073887
42.353995,-71.069548
42.350979,-71.075216
42.346614,-71.07583
42.345189,-71.076849
42.354921,-71.071
42.348728,-71.069075
42.352635,-71.07673
42.35226,-71.075197
42.34744,-71.073116
42.35392,-71.075524
42.354134,-71.068756
42.347947,-71.074892
42.353663,-71.071
42.352741,-71.076246
42.346135,-71.073595
42.354884,-71.065998
42.352935,-71.069263
42.354863,-71.067032
42.349959,-71.066991
42.35494,-71.112349
42.350992,-71.067397
42.356503,-71.063331
42.353383,-71.058969
42.355642,-71.106267
42.354881,-71.054987
42.354662,-71.052611
42.355691,-71.069846
42.357564,-71.071354
42.357246,-71.097373
42.366031,-71.097489
42.358632,-71.104641
42.368233,-71.101386
42.366827,-71.23566
42.367553,-71.068199
42.369881,-71.063698
42.368609,-71.069349
42.364333,-71.064666
42.362855,-71.065144
42.364417,-71.063415
42.371187,-71.069727
42.377431,-71.082461
42.372648,-71.081294
42.371765,-71.081473
42.374054,-71.100348
42.3838,-71.093869
42.382022,-71.09609
42.378756,-71.103909
42.378896,-71.10328
42.385599,-71.11929
42.38143,-71.123693
42.393081,-71.128394
42.487151,-71.192597
42.483955,-71.198599
42.486533,-71.19576
42.484058,-71.193084
42.487224,-71.194888
42.482215,-71.194956
42.481061,-71.194336
42.482632,-71.193298
42.655609,-122.693604
42.856841,-85.768759
42.859164,-85.77485
43.22114,-77.639731
44.85142,-93.239489
44.855438,-93.246381
44.966273,-122.340204
44.991891,-93.251935
44.987987,-93.257123
44.989968,-93.256557
44.98789,-93.248937
45.489858,-122.795728
45.485319,-122.79808
47.601101,-122.325601
47.60235,-122.324501
47.603541,-122.330685
47.607733,-122.333608
47.607684,-122.328392
47.608513,-122.329154
47.606321,-122.332917
47.607987,-122.327525
47.604095,-122.323804
47.607979,-122.18997
47.614574,-122.203956
47.611882,-122.194596
47.614675,-122.193468
47.61266,-122.324436
47.61257,-122.19917
47.618907,-122.350132
47.617606,-122.191707
47.616696,-122.208319
47.612244,-122.205672
47.618181,-122.158986
47.613293,-122.197483
47.612116,-122.351062
47.615933,-122.194849
47.616561,-122.204106
47.613348,-122.195013
47.612992,-122.345198
47.619942,-122.197784
47.613594,-122.193108
47.61471,-122.197347
47.616247,-122.203036
47.615721,-122.201285
47.612084,-122.188271
47.620091,-122.33177
47.618207,-122.203188
47.616535,-122.201335
47.619974,-122.344023
47.615949,-122.344797
47.613689,-122.316059
47.617861,-122.148165
47.621951,-122.347736
47.618687,-122.199729
47.614925,-122.335231
47.617947,-122.189073
47.61498,-122.198251
47.619696,-122.193233
47.621126,-122.199406
47.615567,-122.192468
47.618018,-122.202712
47.621934,-122.313412
47.619488,-122.309778
47.622762,-122.307384
47.616524,-122.312579
47.616327,-122.312549
47.617793,-122.150421
47.622287,-122.150245
47.623361,-122.157205
47.620458,-122.30811
47.620927,-122.338513
47.621122,-122.342608
47.622329,-122.335513
47.621381,-122.150082
47.62257,-122.156853
47.623566,-122.151572
47.623576,-122.151205
47.623728,-122.139788
47.624339,-122.137458
47.625067,-122.142138
47.626175,-122.159378
47.629295,-122.142719
47.625418,-122.15176
47.62598,-122.157179
47.63459,-122.151842
47.6312,-122.141313
47.632991,-122.135635
47.630832,-122.147499
47.628915,-122.280412
47.634515,-122.278712
47.628921,-122.138013
47.631495,-122.279204
47.630552,-122.149372
47.632082,-122.148346
47.631579,-122.141273
47.630993,-122.13939
47.635289,-122.145382
47.635462,-122.138273
47.633434,-122.141267
47.631489,-122.143923
47.632357,-122.14487
47.636028,-122.138982
47.636602,-122.139659
47.637811,-122.13763
47.638192,-122.138315
47.637313,-122.144695
47.633079,-122.144297
47.637903,-122.137973
47.637119,-122.14782
47.63719,-122.138669
47.643154,-122.145694
47.636603,-122.133101
47.634379,-122.14651
47.643511,-122.144499
47.641361,-122.140307
47.642473,-122.139166
47.643956,-122.13946
47.638409,-122.13552
47.637455,-122.13982
47.63857,-122.144442
47.641967,-122.137544
47.645758,-122.139657
47.639483,-122.139105
47.637157,-122.139767
47.641419,-122.131221
47.640053,-122.142313
47.638963,-122.140238
47.641615,-122.144627
47.63796,-122.138185
47.642945,-122.13893
47.646225,-122.144118
47.644711,-122.146333
47.646033,-122.139047
47.6373,-122.13982
47.637736,-122.137337
47.639867,-122.14101
47.642688,-122.137726
47.645611,-122.139002
47.639769,-122.140223
47.645769,-122.144351
47.638794,-122.136436
47.637488,-122.146317
47.645553,-122.141302
47.638101,-122.140735
47.647047,-122.145767
47.643661,-122.14071
47.644982,-122.139795
47.645322,-122.13973
47.643242,-122.139128
47.645487,-122.140571
47.644002,-122.137976
47.63888,-122.138238
47.638898,-122.145743
47.644754,-122.136116
47.638091,-122.142682
47.638621,-122.14079
47.640871,-122.141092
47.637984,-122.137727
47.644463,-122.137532
47.643726,-122.139852
47.645882,-122.139662
47.64679,-122.13774
47.644478,-122.144121
47.643765,-122.145669
47.647404,-122.146353
47.647053,-122.140343
47.638248,-122.138511
47.640448,-122.140248
47.64207,-122.141397
47.645421,-122.142666
47.646218,-122.144833
47.644,-122.137793
47.638773,-122.141995
47.647283,-122.137423
47.644858,-122.145087
47.641446,-122.141949
47.638199,-122.144922
47.638917,-122.140593
47.641822,-122.13816
47.642819,-122.141884
47.647123,-122.145519
47.641829,-122.143215
47.644108,-122.143543
47.640775,-122.146785
47.644552,-122.14339
47.647778,-122.138185
47.645733,-122.148036
47.642885,-122.133273
47.640479,-122.140311
47.645566,-122.144735
47.63976,-122.139565
47.644831,-122.140001
47.644792,-122.13975
47.638758,-122.13771
47.64567,-122.138684
47.638995,-122.138901
47.645178,-122.140248
47.648674,-122.141499
47.644146,-122.142157
47.645293,-122.144446
47.647963,-122.130912
47.645316,-122.143927
47.647263,-122.133914
47.643638,-122.14088
47.642069,-122.138818
47.64272,-122.141088
47.644347,-122.142446
47.645123,-122.136692
47.64679,-122.139083
47.649391,-122.140452
47.649428,-122.145144
47.645821,-122.14138
47.64555,-122.136938
47.6448,-122.145633
47.643823,-122.142456
47.645139,-122.140496
47.646087,-122.13532
47.649962,-122.139136
47.646865,-122.13973
47.642062,-122.139755
47.643549,-122.143267
47.641573,-122.148067
47.647907,-122.141739
47.642579,-122.145768
47.643844,-122.139233
47.6447,-122.142271
47.650653,-122.142663
47.648186,-122.137471
47.650138,-122.141904
47.644845,-122.150534
47.649881,-122.139546
47.650338,-122.131198
47.642667,-122.139778
47.651064,-122.145191
47.648522,-122.143053
47.647118,-122.144526
47.648189,-122.138866
47.645531,-122.139856
47.650402,-122.135434
47.653959,-122.134004
47.648127,-122.143072
47.649922,-122.146349
47.6486,-122.147786
47.65589,-122.132782
47.656319,-122.138911
47.658352,-122.123175
47.660202,-122.117523
47.665918,-122.129092
47.671492,-122.126607
47.674381,-122.129811
47.668904,-122.125769
47.669333,-122.167738
47.669403,-122.127171
47.674912,-122.167982
47.678158,-122.132614
47.675667,-122.203899
47.672791,-122.208404
47.677454,-122.202206
47.676671,-122.175495
47.680044,-122.104293
47.685036,-122.101471
47.681323,-122.099996
47.683273,-122.105854
47.690796,-122.094582
47.687485,-122.150054
47.690713,-122.150114
47.692081,-122.338875
47.687864,-122.333509
47.69429,-122.341128
47.694184,-122.116353
47.691715,-122.122949
47.693553,-122.150699
47.688877,-122.347044
47.696686,-122.347793
47.698894,-122.119822
47.69522,-122.119752
47.689283,-122.118517
47.69728,-122.124229
47.690227,-122.121521
47.691648,-122.116561
47.726046,-122.169441
47.722945,-122.17124
47.75146,-122.169669
47.747387,-122.172096
24.549857,-81.803967
24.548606,-81.800284
24.550939,-81.803121
24.551018,-81.78798
24.550347,-81.80869
24.549553,-81.793486
24.558366,-81.802016
24.558257,-81.786428
24.550716,-81.787635
24.558477,-81.784446
24.552518,-81.80236
24.559053,-81.805488
24.55903,-81.801999
24.554645,-81.806957
24.558345,-81.798477
24.554453,-81.799743
24.562279,-81.806081
24.563007,-81.801923
24.557822,-81.807995
24.566008,-81.746866
24.565075,-81.754771
24.570499,-81.753936
24.566788,-81.756454
24.574296,-81.750911
24.569549,-81.751604
24.56971,-81.751976
25.455227,-80.468179
25.4588,-80.471701
25.462822,-80.473761
25.466995,-80.464035
25.464554,-80.456469
25.462712,-80.418079
25.464649,-80.470507
25.472778,-80.459593
25.474286,-80.468547
25.469092,-80.461574
25.468308,-80.468578
25.474425,-80.473986
25.470817,-80.42688
25.473462,-80.462086
25.477222,-80.461537
25.480865,-80.426673
25.482244,-80.427532
25.47708,-80.427055
25.475422,-80.427994
25.475305,-80.460572
25.485201,-80.460225
25.485938,-80.461901
25.481406,-80.463427
25.494471,-80.454868
25.489756,-80.451821
25.556111,-80.342574
25.560779,-80.351918
25.561209,-80.352394
25.560371,-80.351688
25.567464,-80.348482
25.566406,-80.350284
25.576052,-80.412984
25.570797,-80.375698
25.569959,-80.371788
25.574526,-80.370496
25.575629,-80.373965
25.572217,-80.373328
25.573127,-80.370594
25.582066,-80.342806
25.577324,-80.373511
25.579479,-80.345206
25.583984,-80.371079
25.579978,-80.365996
25.574458,-80.368579
25.580221,-80.361792
25.578098,-80.36472
25.578589,-80.418309
25.580489,-80.367794
25.584938,-80.342899
25.591656,-80.370531
25.595821,-80.340202
25.598042,-80.360992
25.60024,-80.34409
25.600772,-80.352083
25.599953,-80.413633
25.598508,-80.345304
25.595193,-80.377285
25.60153,-80.375757
25.593157,-80.376962
25.602518,-80.372586
25.600348,-80.373529
25.598859,-80.371295
25.596089,-80.374021
25.593495,-80.420281
25.59653,-80.447242
25.59504,-80.355782
25.600582,-80.355887
25.596333,-80.361762
25.603706,-80.351223
25.602431,-80.440571
25.60296,-80.448667
25.598505,-80.408152
25.604421,-80.346841
25.601785,-80.374353
25.611005,-80.369341
25.607437,-80.369154
25.612926,-80.369145
25.613023,-80.369539
25.621493,-80.345297
25.629156,-80.411794
25.625288,-80.406988
25.628988,-80.422516
25.627376,-80.406911
25.622823,-80.417415
25.626998,-80.422815
25.62902,-80.397471
25.62591,-80.385465
25.631803,-80.395513
25.633263,-80.33697
25.628078,-80.342139
25.627096,-80.341049
25.62765,-80.424341
25.632831,-80.341541
25.635796,-80.392155
25.656387,-80.38743
25.657952,-80.387786
25.657424,-80.394935
25.659207,-80.321051
25.65904,-80.445742
25.662583,-80.449915
25.668423,-80.444611
25.669412,-80.449177
25.664401,-80.327098
25.66778,-80.328839
25.670661,-80.327017
25.671042,-80.325426
25.666828,-80.439896
25.665651,-80.454538
25.665697,-80.454141
25.671046,-80.45321
25.666692,-80.438705
25.667504,-80.387484
25.665824,-80.383301
25.667477,-80.389034
25.67432,-80.441552
25.668658,-80.447221
25.665759,-80.43838
25.66591,-80.437677
25.670999,-80.443076
25.672143,-80.441791
25.671296,-80.439908
25.671501,-80.446801
25.670479,-80.443561
25.665158,-80.445255
25.667593,-80.438725
25.668119,-80.44775
25.669085,-80.442176
25.668129,-80.444298
25.66828,-80.388279
25.669895,-80.446394
25.673483,-80.434777
25.67633,-80.386171
25.671366,-80.316706
25.674169,-80.320508
25.680648,-80.318531
25.682479,-80.313656
25.677054,-80.321677
25.681233,-80.317185
25.682873,-80.314398
25.677289,-80.314407
25.676517,-80.382871
25.677231,-80.386439
25.682301,-80.389783
25.683877,-80.38813
25.68522,-80.382446
25.68634,-80.437509
25.685809,-80.436738
25.68088,-80.431394
25.681575,-80.395322
25.678145,-80.430332
25.679149,-80.386315
25.680682,-80.30991
25.681076,-80.426708
25.688409,-80.384529
25.684874,-80.419647
25.682001,-80.314738
25.685477,-80.417051
25.685386,-80.423957
25.679673,-80.316423
25.688903,-80.381928
25.686102,-80.381645
25.683043,-80.377723
25.682553,-80.440111
25.683664,-80.43435
25.685416,-80.314536
25.682553,-80.440831
25.684031,-80.429744
25.680619,-80.427656
25.681168,-80.425851
25.68192,-80.41878
25.682453,-80.388713
25.683929,-80.4197
25.689665,-80.415506
25.68411,-80.422593
25.689204,-80.420928
25.688525,-80.300798
25.680485,-80.414526
25.686328,-80.413067
25.68788,-80.392762
25.685552,-80.382963
25.684297,-80.393089
25.685769,-80.382029
25.68602,-80.389579
25.685885,-80.386423
25.683775,-80.384727
25.688801,-80.389558
25.684106,-80.382529
25.690536,-80.396818
25.691517,-80.298592
25.687925,-80.314149
25.683859,-80.390384
25.689067,-80.314941
25.69027,-80.307272
25.690964,-80.311957
25.691643,-80.387708
25.688439,-80.312698
25.686725,-80.305581
25.685402,-80.384776
25.687341,-80.426981
25.684548,-80.381439
25.690998,-80.311185
25.689347,-80.375102
25.694224,-80.306499
25.689004,-80.306148
25.694753,-80.304599
25.685822,-80.314776
25.690495,-80.305678
25.692883,-80.388277
25.694535,-80.311988
25.691892,-80.310274
25.694046,-80.312845
25.694638,-80.310728
25.686769,-80.321834
25.687496,-80.417527
25.696203,-80.305677
25.69038,-80.314044
25.694076,-80.30418
25.688937,-80.295569
25.692116,-80.311404
25.690918,-80.300888
25.692234,-80.30693
25.690636,-80.387298
25.69445,-80.304522
25.694907,-80.262018
25.694902,-80.317005
25.689016,-80.454433
25.696709,-80.302987
25.691594,-80.315514
25.694366,-80.302303
25.69001,-80.302892
25.693063,-80.297852
25.695406,-80.301586
25.692352,-80.310657
25.690552,-80.346848
25.697421,-80.314711
25.69813,-80.350475
25.701298,-80.454484
25.698995,-80.297761
25.699335,-80.301097
25.70073,-80.387463
25.701082,-80.385088
25.701691,-80.290341
25.697431,-80.297552
25.703306,-80.314687
25.703292,-80.380832
25.702112,-80.296837
25.698252,-80.28938
25.700706,-80.292387
25.698985,-80.415466
25.696275,-80.299347
25.70355,-80.154398
25.700835,-80.413481
25.69727,-80.157008
25.700777,-80.414818
25.698242,-80.294904
25.696126,-80.292626
25.696812,-80.365905
25.705397,-80.252205
25.704393,-80.355019
25.70642,-80.294507
25.696924,-80.345692
25.706462,-80.346624
25.699105,-80.364567
25.698172,-80.364972
25.699547,-80.292179
25.700241,-80.291566
25.708406,-80.29738
25.70447,-80.285519
25.707175,-80.293154
25.709917,-80.290816
25.701874,-80.296222
25.702354,-80.257423
25.706058,-80.294197
25.706174,-80.303811
25.705737,-80.252151
25.707281,-80.252058
25.713221,-80.25281
25.707922,-80.255012
25.704848,-80.254257
25.706119,-80.27037
25.709457,-80.251604
25.705625,-80.308311
25.71234,-80.247072
25.706454,-80.413123
25.709176,-80.304821
25.71523,-80.346638
25.711113,-80.416301
25.717576,-80.303674
25.709677,-80.345045
25.711683,-80.449733
25.710503,-80.352289
25.71608,-80.444086
25.711441,-80.446351
25.718319,-80.370099
25.715468,-80.362941
25.713811,-80.373117
25.715008,-80.368599
25.716624,-80.351926
25.717749,-80.353364
25.714479,-80.30116
25.723121,-80.417345
25.721642,-80.342129
25.723447,-80.345013
25.719469,-80.421082
25.725878,-80.41617
25.725335,-80.373945
25.720863,-80.299036
25.720721,-80.303136
25.720414,-80.248094
25.727013,-80.415429
25.726575,-80.416375
25.724891,-80.301478
25.726062,-80.299923
25.723887,-80.336516
25.724791,-80.257037
25.727278,-80.242851
25.730951,-80.411319
25.724,-80.309973
25.727499,-80.246144
25.733668,-80.368777
25.731978,-80.41111
25.728612,-80.251793
25.730471,-80.372757
25.729768,-80.373557
25.730927,-80.372572
25.734921,-80.372474
25.731926,-80.366699
25.736175,-80.329319
25.728745,-80.337442
25.734881,-80.336379
25.734264,-80.254226
25.732947,-80.323638
25.730213,-80.32511
25.732384,-80.253531
25.733695,-80.323066
25.734646,-80.323342
25.734133,-80.324641
25.733345,-80.36622
25.73317,-80.293697
25.737408,-80.328141
25.735718,-80.297102
25.737489,-80.33478
25.737502,-80.326945
25.737468,-80.246806
25.738446,-80.240638
25.730572,-80.250466
25.730471,-80.250072
25.736234,-80.24891
25.741601,-80.24881
25.734611,-80.242114
25.735679,-80.293491
25.73925,-80.204083
25.73329,-80.300808
25.734584,-80.297404
25.741208,-80.372114
25.743544,-80.248238
25.737055,-80.204822
25.742117,-80.370461
25.736124,-80.317921
25.744576,-80.238331
25.741153,-80.237529
25.74601,-80.209888
25.740997,-80.370875
25.742699,-80.215997
25.746634,-80.238101
25.74682,-80.320877
25.74615,-80.235708
25.741238,-80.309405
25.741027,-80.225442
25.743944,-80.320798
25.748037,-80.241522
25.748987,-80.209427
25.748928,-80.328048
25.743175,-80.372422
25.750764,-80.364222
25.744551,-80.257362
25.742752,-80.329365
25.750936,-80.21603
25.746413,-80.217675
25.744206,-80.25062
25.746219,-80.33492
25.745995,-80.213845
25.747036,-80.273241
25.751862,-80.269556
25.750855,-80.219973
25.745205,-80.217938
25.751814,-80.323506
25.747807,-80.268559
25.747295,-80.319351
25.747122,-80.267517
25.746157,-80.336131
25.743644,-80.314229
25.749605,-80.213413
25.748158,-80.322554
25.746124,-80.206769
25.745201,-80.243426
25.748261,-80.241464
25.747572,-80.236938
25.753182,-80.27008
25.746894,-80.233832
25.744944,-80.319604
25.749961,-80.324452
25.751451,-80.255776
25.751447,-80.241926
25.747348,-80.268244
25.750278,-80.207186
25.745484,-80.205736
25.746535,-80.202114
25.754299,-80.203484
25.753742,-80.240843
25.752923,-80.237627
25.751805,-80.199307
25.747039,-80.233956